标题链接,y,r_链接,r,zy2
"王树国会见招商银行西安分行党委书记、行长钱曦一行
                            ",21-Mar,http://news.xjtu.edu.cn/info/1033/130451.htm,20,3月20日下午，校长王树国在创新港会见招商银行西安分行党委书记、行长钱曦一行。校党委副书记赵昌昌陪同。王树国对钱曦一行到来表示热烈欢迎。他指出，陕西省委省政府高度重视科技创新工作，支持学校将创新港打造成为全省最大孵化器、“科技成果转化特区”...
"西安交通大学党委理论学习中心组开展党史学习教育专题研讨
                            ",21-Mar,http://news.xjtu.edu.cn/info/1033/130448.htm,20,3月19日下午，校党委书记卢建军主持西安交通大学党委理论学习中心组党史学习教育专题学习研讨，认真学习习近平总书记在党史学习教育动员大会上的重要讲话精神和《中国革命历史是最好的营养剂》《学好党史、新中国史、改革开放史、社会主义发展史》两个篇目...
"【文明巡礼】幼儿园：文化建设引领发展 多元实践立德树人
                            ",21-Mar,http://news.xjtu.edu.cn/info/1033/130416.htm,19,"在习近平新时代中国特色社会主义思想引领下，交大幼儿园深入贯彻落实党的十九大精神,以立德树人为根本任务，以“培养具有国际视野、身心健康、全面发展的儿童”为教育目标，以“尊重儿童、张扬个性”为教育理念，以“党建带园建，文化促发展”为精神文明建..."
"西安交大物理试验班毕业生以第一作者身份在《科学》发表科研成果
                            ",21-Mar,http://news.xjtu.edu.cn/info/1033/130401.htm,19,2018年，一种新的神奇材料“魔角扭转双层石墨烯”被麻省理工大学科研人员实现。这种材料迅速在物理界掀起一阵波澜。它既具有理论上的简洁，又在实验中表现出很多奇异现象，其中很多现象今天依然没有被完全理解。最近，来自哈佛大学的研究组在这一领域再次...
"陕投集团党委书记、董事长袁小宁一行来校洽谈合作
                            ",21-Mar,http://news.xjtu.edu.cn/info/1033/130385.htm,19,3月18日下午，陕投集团党委书记、董事长袁小宁一行到中国西部科技创新港洽谈合作，西安交通大学党委书记卢建军，校长王树国，校党委常委、学科办主任别朝红出席座谈会。双方围绕进一步深化校企合作、建立产学研深度融合的科技创新合作模式进行了深入交流并...
"【校友建功立业风采】董杏丽：用国际研发做“中国原创”产品
                            ",21-Mar,http://news.xjtu.edu.cn/info/1033/130363.htm,18,"董杏丽, 1993-2000年就读于西安交通大学电力系统及其自动化专业，取得学士和硕士学位；2004年获西安交通大学电气专业博士学位。现任施耐德电气能源自动化全球研发副总裁。董杏丽和她的团队已经参与了多项全球标准制定，同时积极主动参与弧光保护等中国标准..."
"【脱贫攻坚 交大足迹】青春力量 扶贫路上的社会实践团队（二）
                            ",21-Mar,http://news.xjtu.edu.cn/info/1033/130359.htm,18,青春由磨砺而出彩，人生因奋斗而升华。在脱贫攻坚战场上，活跃着这样一批交大学子，他们围绕脱贫攻坚、乡村振兴等开展社会调研，深入基层一线，体悟扶贫内涵，在实践中传承西迁精神，在扶贫路上贡献青春力量
"西安交大科研人员在固态荧光材料研究领域取得重要进展
                            ",21-Mar,http://news.xjtu.edu.cn/info/1033/130372.htm,18,​荧光材料因其在化学传感器、有机发光二极管、细胞成像造影剂等方面的广泛应用受到越来越多的关注。与无机发光材料相比，有机发光材料不仅具有良好的溶液可加工性，而且成本低廉，易于制备，是柔性显示器的理想材料。然而，由于传统的荧光发色团在固体中...
"【陕西新闻联播】我省发挥高校创新资源聚集优势 建设开放共享创新平台
                    
                            ",21-Mar,http://news.xjtu.edu.cn/info/1033/130351.htm,18,​报道链接：http://www.snrtv.com/snr_sxxwlb/a/2021/03/17/19564343.htm
"【文汇报整版】彭康：在国家利益前提下，考虑学校、个人利益
                            ",21-Mar,http://news.xjtu.edu.cn/info/1033/130348.htm,18,【学术档案】 彭康（1901—1968），马克思主义哲学家、教育家。江西萍乡人。早年留学日本，回国后加入创造社，先后翻译马克思的《费尔巴哈论纲》、恩格斯的《费尔巴哈论》等经典哲学著作。1930年参加“左联”，并参与组织中国社会科学家联盟。曾任中共中央...
"【陕西日报】西安交大联合研究成果在《自然》发表
                            ",21-Mar,http://news.xjtu.edu.cn/info/1033/130343.htm,17,近日，西安交通大学联合研究成果在《自然》发表，该论文的发表标志着西安交大在古DNA研究领域进入世界先进水平，是目前国内外开展的东亚地区最大规模的考古基因组学研究。西安交大生命科学与技术学院张虎勤教授带领的生物信息人类学团队与厦门大学王传超教...
"【陕西日报头版】刘国中在调研创新驱动发展时强调：建好用好平台 催生科创企业 推动创新驱动发展尽快见...
                    
                            ",21-Mar,http://news.xjtu.edu.cn/info/1033/130312.htm,17,​3月16日，省委书记刘国中调研创新驱动发展。他强调，要深入学习贯彻习近平总书记关于创新驱动发展的重要论述和来陕考察重要讲话，集聚我省创新资源，建好创新成果产业化平台，发挥好政府、高校、院所、企业、金融机构作用，尽快形成一批科创项目、科创企...
"西安交大科研团队在等离子体物理基础科研领域取得新进展
                            ",21-Mar,http://news.xjtu.edu.cn/info/1033/130340.htm,17,离子束与等离子体相互作用是高能量密度物理、聚变科学以及天体物理等重大领域的基础前沿课题，同时也在加速器、航天和医疗相关的等离子体技术领域有重要研究价值。一方面，离子束与等离子体相互作用涉及复杂的量子多体动力学过程，尤其当离子束能量较低或...
"西安交通大学召开全国“两会”精神学习报告会
                            ",21-Mar,http://news.xjtu.edu.cn/info/1033/130308.htm,17,3月16日上午，西安交通大学召开全国“两会”精神学习报告会，十三届全国人大常委、校党委副书记、校长王树国传达全国“两会”精神，全体党委常委、校长助理，领军人才代表，各二级单位正职，教师党员代表，学生党员代表，思政课教师代表，辅导员代表，各民...
"【思源时评】党史学习重在“知行合一”
                            ",21-Mar,http://news.xjtu.edu.cn/info/1033/130305.htm,17,2月20日，党中央召开党史学习教育动员大会，习近平总书记出席会议并发表重要讲话，深刻阐述了开展党史学习教育的重大意义，深刻阐明了党史学习教育的重点和工作要求，对党史学习教育进行了全面动员和部署，为开展好党史学习教育指明了方向，提供了根本遵循...
"西安交通大学召开全校党史学习教育动员部署大会
                            ",21-Mar,http://news.xjtu.edu.cn/info/1033/130303.htm,16,3月16日上午，西安交通大学召开全校党史学习教育动员部署大会，深入学习贯彻习近平总书记在党史学习教育动员大会上的重要讲话精神，对全校开展党史学习教育进行动员部署。​校党委书记、学校党史学习教育领导小组组长卢建军作动员讲话，校党委副书记、校长...
"【聚焦双代会 奔跑2021】学校召开教代会代表团团长扩大会 安排部署相关工作
                            ",21-Mar,http://news.xjtu.edu.cn/info/1033/130285.htm,16,3月15日下午，学校召开第十届教代会代表团长扩大会议，安排部署第十届教代会暨第十五届工代会六次会议工作。校党委副书记赵昌昌，校工会主席朱正威，教代会各代表团团长、全校基层工会主席参加会议。会议由校党委常委张定红主持。朱正威通报了本次会议的筹...
"【脱贫攻坚 交大足迹】青春力量 扶贫路上的社会实践团队（一）
                            ",21-Mar,http://news.xjtu.edu.cn/info/1033/130274.htm,16,青春由磨砺而出彩，人生因奋斗而升华。在脱贫攻坚战场上，活跃着这样一批交大学子，他们围绕脱贫攻坚、乡村振兴等开展社会调研，深入基层一线，体悟扶贫内涵，在实践中传承西迁精神，在扶贫路上贡献青春力量
"卢建军调研校医院、“6352”孵化器建设
                            ",21-Mar,http://news.xjtu.edu.cn/info/1033/130271.htm,16,3月15日，校党委书记卢建军到创新港调研校医院门诊部、“6352”孵化器时强调，各级各部门要齐心协力，协同发展，探索建立破解产学研融合与科技成果转化的制度设计与工作举措，加速“6352”工程走深走实。卢建军依次走访了校医院创新港门诊部各科室，并对科...
"【校友建功立业风采】王华明：永远瞄准国家重大需求和科技发展方向
                            ",21-Mar,http://news.xjtu.edu.cn/info/1033/130262.htm,16,王华明，1986年毕业于西安交通大学铸造专业，取得工学硕士学位。现任北京航空航天大学材料科学与工程学院教授、中国工程院院士，大型金属构件增材制造国家工程实验室和国防科技工业激光增材制造研究应用中心主任。获国家技术发明一等奖、国防科技工业杰出...
"【聚焦两会】交大校友两会代表、委员积极发声 为国家发展建言献策
                            ",21-Mar,http://news.xjtu.edu.cn/info/1033/130250.htm,16,2021年3月，十三届全国人大四次会议和全国政协十三届四次会议在北京召开，多位西安交通大学校友作为人大代表、政协委员参会。两会期间，他们积极发声，为国家发展贡献智慧和力量。现将媒体刊发的部分代表观点摘录如下（按姓氏笔画排序）：人大代表的“两会...
"西安交大物理试验班毕业生以第一作者身份在《自然》发表科研成果
                            ",21-Mar,http://news.xjtu.edu.cn/info/1033/130245.htm,16,在非平衡态物质体系的研究中，有关活性物质自组织的研究快速发展。不同于平衡态物质体系，活性物质有局部的能量输入，包括从单细胞到动物的所有生命体，由分子马达驱动的生物分子，以及人工合成的自驱动物质。近日，由香港中文大学、加州大学和哈佛大学的...
"【脱贫攻坚 交大足迹】王申玮：笃定前行 我的扶贫故事
                            ",21-Mar,http://news.xjtu.edu.cn/info/1033/130217.htm,15,2019年8月1日，当清晨的第一缕阳光映向眼前的山坡，我还在寻找身处磨沟村的真实感。来磨沟村几天前的一次简短谈话，让我毅然决定接受组织安排，到贫困地区扶贫攻坚，去乡村基层磨练自己、丰富自己。也许村干部和百姓们第一眼看到这张略显稚嫩的脸庞都会心...
"西安交通大学2021年硕士研究生招生复试基本分数线公布
                            ",21-Mar,http://news.xjtu.edu.cn/info/1033/130214.htm,15,西安交通大学2021年硕士研究生招生复试基本分数线相关说明：1.学校复试基本分数线为相应学科门类（学科）/专业学位的最低分数线，单科、总分须同时满足要求。各招生学院（部、中心）可根据其招生计划和生源等情况，按一定的差额复试比例上浮复试分数线并确...
"强强联合 “6352”工程建设进行时（二）
                            ",21-Mar,http://news.xjtu.edu.cn/info/1033/130188.htm,15,为深入学习贯彻习近平总书记来陕考察重要讲话精神，落实“围绕产业链部署创新链、围绕创新链布局产业链”要求，西安交大推进“6352”工程，聚力将创新港打造成为陕西最大的孵化器和科技成果转化“特区”。“6352”工程，即“政产学研用金”6进创新港，建设...
"西安交通大学联合研究成果在PNAS发表
                            ",21-Mar,http://news.xjtu.edu.cn/info/1033/130203.htm,15,近日，西安交通大学常超教授团队与复旦大学舒友生课题组、上海理工大学宋波课题组、中国科学技术大学温泉课题组、中科院化学所毛兰群课题组合作在神经调控机制研究方面取得重大突破。该研究发现中红外光刺激（Midinfrared Stimulation，MIRS）能够作为一种...
"【文明巡礼】“2020年精神文明建设先进单位”附小：加强校园文化建设 创建文明和谐校园 
                            ",21-Mar,http://news.xjtu.edu.cn/info/1033/130206.htm,15,"近年来，附小全体师生齐心协力，发扬交大人“勤奋求实、严谨治学”的光荣传统,为全体学生的全面发展服务，坚持“文化引领、师生共同发展，构建生态校园”的办学理念，携手共建和谐共进的生态化校园环境。深化认识，摆正精神文明建设工作在学校全局中的位置..."
"陕西省国资委调研组到创新港推动科技成果转化工作
                            ",21-Mar,http://news.xjtu.edu.cn/info/1033/130167.htm,12,3月11日下午，陕西省国资委党委书记刘斌、主任王海鹏率队到中国西部科技创新港调研座谈，校党委书记卢建军，校党委常委、副校长王铁军出席座谈会，双方围绕推动学校和省属国企建立以企业为主体、市场为导向的产学研深度融合的科技创新合作模式进行了深入交...
"【聚焦两会】社会媒体关注王树国代表、李香菊委员两会发声（二）
                            ",21-Mar,http://news.xjtu.edu.cn/info/1033/130164.htm,12,3月10日-11日，全国政协十三届四次会议和十三届全国人大四次会议相继在北京人民大会堂闭幕。会议期间，全国人大代表、西安交大校长王树国，全国政协委员、西安交大经金学院教授李香菊建言发声受到新华社、中央广播电视总台、人民日报、光明日报、中国教育...
"【脱贫攻坚 交大足迹】选调生杨开悦：不忘初心 做扶贫路上的“花木兰”
                            ",21-Mar,http://news.xjtu.edu.cn/info/1033/130158.htm,12,在她的内心始终奔腾着“到西部去，到基层去，到祖国最需要的地方去”这一口号，她的脑海始终澎湃着“胸怀大局、无私奉献、弘扬传统、艰苦创业”的西迁精神。她在毕业时，毅然扎根西部，成为脱贫攻坚最前线的“花木兰”。她叫杨开悦，西安交通大学2018届选...
"江西省委教育工委率团到访中国西部科技创新港
                            ",21-Mar,http://news.xjtu.edu.cn/info/1033/130145.htm,12,3月12日上午，江西省委教育工委宣传部（省教育厅社政处）牵头负责人魏建克，南昌大学、江西师范大学、江西财经大学、江西农业大学、江西理工大学、东华理工大学、江西教育传媒集团等单位负责人共11人到访中国西部科技创新港，调研融媒体中心建设工作。西安...
"【文明巡礼】彭康书院：凝思想共识 建宜居彭康 铸文明之花
                            ",21-Mar,http://news.xjtu.edu.cn/info/1033/130115.htm,12,彭康书院全面落实立德树人根本任务，坚持价值引领、贴近师生、注重实效、广泛参与，以思想道德建设为主线，以领导班子建设和师德师风建设为重点，着力从校园文化、校园环境和活动阵地三个层面开展文明校园创建工作，努力探索文明校园创建的特色做法和有效...
"卢建军调研学科办、科研院
                            ",21-Mar,http://news.xjtu.edu.cn/info/1033/130107.htm,12, 3月10日，校党委书记卢建军与学科办、科研院部门负责人及部分教师代表座谈交流，调研、推进学科建设和科研管理工作。会上，学科办主任别朝红、科研院常务副院长黄忠德分别介绍了西安交大学科建设的历程、评估体系、学科布局、发展思路及学校整体科研管理...
"【校友建功立业风采】李晋闽：追光逐梦几万里
                            ",21-Mar,http://news.xjtu.edu.cn/info/1033/130101.htm,12,李晋闽，1978-1982年就读于西安交通大学半导体专业，获学士学位。现任中国科学院半导体研究所所长。获2019年度国家科学技术奖、2020年度“何梁何利基金科学与技术奖”。李晋闽在第一届紫外LED长治国际会议暨长治LED产业发展峰会上发言手捧获奖证书的李晋闽...
"渭南市党政代表团来校推进合作
                            ",21-Mar,http://news.xjtu.edu.cn/info/1033/130104.htm,12,3月11日下午，渭南市委书记魏建锋、市长王琳率队来中国西部科技创新港召开座谈会。会前，校党委书记卢建军会见了代表团成员。校党委常委、副校长王铁军出席座谈会，校党委常委、校长助理洪军主持座谈，双方围绕进一步深化校地协作落地做实进行了深入交流。...
"西安交大超柔性多铁性复合薄膜研究取得重大进展
                            ",21-Mar,http://news.xjtu.edu.cn/info/1033/130110.htm,12,柔性电子以优异的超柔性和延展性，不仅应用于便携式可穿戴设备，更是在医疗设备、军事等领域有着广阔的应用前景。因此，迫切需要研究更多的柔性功能性材料。其中，以功能性氧化物为基础的多铁性复合材料，具有复杂的多自由度和多序参量的耦合效应，从而表...
"西安交大教务处获评2020年度陕西高等学校教学管理先进集体
                            ",21-Mar,http://news.xjtu.edu.cn/info/1033/130119.htm,12,日前，陕西省教育厅发出《关于表彰2020年陕西高等学校教学管理工作先进集体和先进个人的通报》，西安交通大学教务处获评“2020年度陕西高等学校教学管理先进集体”。《通报》指出，2020年，我省高校坚定不移地贯彻落实习近平新时代中国特色社会主义思想，...
"【学科前瞻三十年】赵永涛：前瞻布局物理学科 实现大国创新引擎全面升级
                            ",21-Mar,http://news.xjtu.edu.cn/info/1033/130088.htm,11,物理学是研究一切物质最基本的运动形式和规律的科学，不仅对客观世界的内在联系和运动变化规律进行了最深刻的揭示，同时建立和形成了一套卓有成效的唯物主义思想方法体系。物理学作为最重要的基础学科，为科技革命提供源头性供给，是新时代国家发展的重大...
"强强联合 “6352”工程建设进行时（一）
                            ",21-Mar,http://news.xjtu.edu.cn/info/1033/130084.htm,11,为深入学习贯彻习近平总书记来陕考察重要讲话精神，落实“围绕产业链部署创新链、围绕创新链布局产业链”要求，西安交大推进“6352”工程，聚力将创新港打造成为陕西最大的孵化器和科技成果转化“特区”。“6352”工程，即“政产学研用金”6进创新港，建设...
"【脱贫攻坚 交大足迹】选调生张凡：三个“药方”助力王咀村脱贫摘帽
                            ",21-Mar,http://news.xjtu.edu.cn/info/1033/130080.htm,11,（左一为张凡）甘肃省镇原县郭原乡王咀村的乡亲们嘴边常常挂着一个名字——“小张”。“小张”名叫张凡，是西安交通大学2018届选调生，就职于中央党史和文献研究院办公厅，2018年12月至2019年12月担任郭原乡王咀村党支部书记助理。原计划2019年12月结束在...
"西安交大获批63项教育部产学合作协同育人项目 获批总数位列C9高校第一
                            ",21-Mar,http://news.xjtu.edu.cn/info/1033/130076.htm,11,​近日，教育部公布有关企业支持的2020年产学合作协同育人项目立项名单，西安交大获批63项，获批总数位列C9高校第一、全国高校第六。以教育部产学合作协同育人项目为抓手，实践教学中心积极落实学校“6352”工程，深入推进产教融合协同育人，探索构建国际...
"【聚焦两会】中国教育电视台专访王树国代表：立德树人守初心 教育为民担使命
                    
                            ",21-Mar,http://news.xjtu.edu.cn/info/1033/130072.htm,11,3月9日，中国教育电视台《两会会客厅》栏目视频连线全国人大代表、西安交大校长王树国，畅谈高校应如何落实好习近平总书记在看望医药卫生界教育界政协委员时的重要讲话精神。​视频链接：http://m.cetv.cn/p/388171.htm
"四川省人民政府代表团来校举行深化合作交流座谈会
                            ",21-Mar,http://news.xjtu.edu.cn/info/1033/130069.htm,11,3月10日，四川省副省长李刚率代表团来校举行深化合作交流座谈会，进一步推进校地合作。校党委书记卢建军、副校长荣命哲、中国工程院院士蒋庄德出席座谈会。双方就深化合作、推进产业共兴、创新协同、资源共享，在构建新发展格局中实现优势互补、共赢发展深...
"【脱贫攻坚 交大足迹】选调生李晨宇：为脱贫攻坚全面胜利贡献青春力量
                            ",21-Mar,http://news.xjtu.edu.cn/info/1033/130064.htm,10,【开栏语】2021年2月25日，在全国脱贫攻坚总结表彰大会上，习近平总书记庄严宣告，“经过全党全国各族人民共同努力，在迎来中国共产党成立一百周年的重要时刻，我国脱贫攻坚战取得了全面胜利！”交大人在脱贫攻坚的道路上留下了踏实奋进的身影，他们把初心...
"西安交大参加教育部党史学习教育动员大会视频会
                            ",21-Mar,http://news.xjtu.edu.cn/info/1033/130059.htm,10,​3月9日，教育部召开党史学习教育动员大会。教育部党组书记、部长、部党史学习教育领导小组组长陈宝生作动员讲话。会议强调，认真学习贯彻习近平总书记在党史学习教育动员大会上的重要讲话精神，按照党中央统一部署，开展党史学习教育，是教育系统当前一...
"西安交大荣获2020年陕西省高校征兵工作先进单位
                            ",21-Mar,http://news.xjtu.edu.cn/info/1033/130040.htm,10,近日，陕西省人民政府征兵办公室、陕西省教育厅签发《关于表彰2020年度高校征兵工作先进单位和个人的通报》，西安交通大学荣获2020年陕西省高校征兵工作先进单位。西安交通大学以习近平强军思想为引领，以军委国防动员部和陕西省军区关于抓好征兵工作一系...
"西安交大保卫部（处）获评2020年度陕西省学雷锋活动示范点
                            ",21-Mar,http://news.xjtu.edu.cn/info/1033/130034.htm,9,日前，陕西省委宣传部发出《关于命名2020年度学雷锋活动示范点和岗位学雷锋标兵的决定》，西安交通大学党委保卫部（处）获评“2020年度陕西省学雷锋活动示范点”。《决定》指出，2020年，面对突如其来的新冠肺炎疫情和形势严峻的复工复产，全省各地各部门...
"西安交通大学与京博农化科技有限公司共建双链融合创新平台
                            ",21-Mar,http://news.xjtu.edu.cn/info/1033/130028.htm,9,3月7日上午，西安交通大学化学学院与京博农化科技有限公司共建双链融合创新平台签约仪式在创新港泓润楼化学会议室举行。山东京博控股集团董事、高级副总裁蔡颖辉，集团董事、京博农化董事长兼总经理成道泉，西安交通大学副校长王铁军，化学学院党委书记张...
"西安交大与华为技术有限公司成立超算技术研究中心暨存储技术联合创新中心
                            ",21-Mar,http://news.xjtu.edu.cn/info/1033/130006.htm,9,3月8日，西安交通大学与华为技术有限公司（以下简称“华为”）在中国西部科技创新港联合成立“超算技术研究中心暨存储技术联合创新中心”。签约仪式前，西安交大党委书记卢建军会见华为数据存储与机器视觉产品线总裁周跃峰、华为陕西分公司总经理赵永刚、...
"建党百年展芳华：西安交大女教工巾帼海报展（一）
                            ",21-Mar,http://news.xjtu.edu.cn/info/1033/129999.htm,9,​2021年是建党100周年，西安交大女教工身处新时代、面向美好前程，由衷礼赞伟大的祖国和共产党。校工会、校女工委特开展女教工海报征集活动，展现女教工（集体）听党话跟党走、立足岗位建新功、昂扬向上的精神风貌，传递出女教工（集体）爱党爱国、奋发有...
"【强军战歌嘹亮】我是优秀哨兵：光荣在于平淡，艰巨在于漫长
                            ",21-Mar,http://news.xjtu.edu.cn/info/1033/130026.htm,9,​马弘时，男，文治书院，电信学部电子73班学生。2017年9月至2019年9月服役于武警新疆总队，服役期间，在中队先后担任应急排步枪手、学业辅导员、民族灶炊事员。圆满完成每一次执勤巡逻任务，并获得优秀哨兵称号。 青春有梦，投笔从戎几乎每个男孩都有一个...
"【文明巡礼】二附院：求真尚美 励志笃行 
                            ",21-Mar,http://news.xjtu.edu.cn/info/1033/129990.htm,8,回眸2020年，不平凡中带着感动。年初，一场突如其来的新冠肺炎疫情打破了人们的正常生活秩序，危难时刻，医护人员冲在抗疫一线奋不顾身和新冠肺炎做斗争，守护着人们的生命安全，用无私奉献诠释大爱无疆。这一年，二附院在持续抗击疫情的同时，医教研管毫...
"我们身边的“她力量”
                            ",21-Mar,http://news.xjtu.edu.cn/info/1033/129987.htm,8,阳春三月，樱花飞舞，桃花将灿，雾尽风暖。又是一年春光灿烂时，“三八”国际妇女节也如期而至。在交大校园里，有这样一群巾帼之花，她们突破自我，追寻多元的科研生活；她们悉心教导，化身明灯引路成长；她们默默奉献，只为服务做到最好；她们开拓进取，...
"【开局十四五】以创新举措破解校友工作难题，助力学校“6352”工程建设
                            ",21-Mar,http://news.xjtu.edu.cn/info/1033/129983.htm,8,"立足新起点，迈向新征程。站在“十四五”开局之年,站在学校125周年的新征程新起点, 校友部落实学校寒假工作会议精神，落实“6352”工程精神，凝聚校友力量，服务学校“双一流”建设，以创新举措破解校友工作难题，努力提升“三服务”质量，提出校友工作高..."
"【校友建功立业风采】吴宜灿：做有用的科研
                            ",21-Mar,http://news.xjtu.edu.cn/info/1033/129951.htm,8,​吴宜灿，中国科学院院士，现任中国科学院核能安全技术研究所所长。1985年毕业于西安交通大学核反应堆工程专业，取得学士学位；1988年毕业于西安交通大学反应堆工程和安全专业，取得硕士学位。长期从事核科学与技术研究工作，在核能与核安全方面取得了具...
"西安交大召开2021年春季学期教学工作会
                            ",21-Mar,http://news.xjtu.edu.cn/info/1033/129954.htm,8,3月5日下午，西安交通大学召开2021年春季学期教学工作会议。会议全面总结2020年本科生、研究生人才培养工作及学生工作情况，并对人才培养系统高质量开局“十四五”，顺利完成2021年各项目标任务进行安排部署。副校长郑庆华，教学督导组组长、副组长，本科...
"交大社区综合养老服务中心开工建设
                            ",21-Mar,http://news.xjtu.edu.cn/info/1033/129971.htm,8,在省、市、区各级政府的关心支持下，交大社区综合养老服务中心项目近日开工建设。2018年10月，交大社区综合养老服务中心建设项目启动。2020年，由西安交通大学人居学院周典教授团队、西安交通大学康桥设计院完成了该项目的设计及清单编制工作，并由离退休...
"西安交大召开2019-2020年度就业创业工作表彰会暨2021届毕业生就业工作部署推进会
                            ",21-Mar,http://news.xjtu.edu.cn/info/1033/129967.htm,8,笃实力行谋发展，奋楫扬帆开新局。3月5日下午，西安交通大学召开2019-2020年度就业创业工作表彰会，激励表彰先进，聚力谋划新篇，全面助推2021年学生就业创业工作。西安交大副校长郑庆华出席会议，党委组织部、就创中心、教务处、研工部、学工部等部门负责...
"西安交大工会致全校女教职工国际劳动妇女节慰问信
                            ",21-Mar,http://news.xjtu.edu.cn/info/1033/129937.htm,8,尊敬的全校女教职工：春意盎然、草长莺飞。在这阳光明媚、万物复苏的阳春三月，我们共同迎来了第111个“三八”国际劳动妇女节，校工会谨向辛勤耕耘在全校各工作岗位上的全校女教职工们致以节日的问候和崇高的敬意!2020年是新中国历史上极不平凡的一年，也...
"【聚焦两会】西安交大师生热议2021年全国“两会”召开
                            ",21-Mar,http://news.xjtu.edu.cn/info/1033/129932.htm,7,3月4日、5日，中国人民政治协商会议第十三届全国委员会第四次会议和第十三届全国人民代表大会第四次会议相继在人民大会堂开幕，西安交通大学师生在第一时间通过广播、电视、网络等媒体收听收看有关“两会”的报道，持续关注“两会”动态，就“两会”相关话...
"【中新社】专访全国人大代表、西安交通大学校长王树国：大学应“打开校门”与社会深度融合
                    
                            ",21-Mar,http://news.xjtu.edu.cn/info/1033/129929.htm,7,什么是好大学？这是中国教育界一直探讨的基本而重要的问题。从《百家讲坛》到《开讲啦》，从《我的专业不太冷》到《中国经济大讲堂》，全国人大常委会委员、西安交通大学校长王树国不断透过新颖传播平台与学子探讨大学育人的思考，卓有远见的哲思与幽默风...
"西安交大师生热议习近平总书记在政协医药卫生界、教育界委员联组会上的重要讲话
                            ",21-Mar,http://news.xjtu.edu.cn/info/1033/129926.htm,7,3月6日下午，习近平总书记看望了参加政协会议的医药卫生界、教育界委员，并参加联组会，在听取意见和建议后发表重要讲话。习近平总书记的重要讲话在西安交大师生之间引发热烈反响。大家纷纷表示，习近平总书记的重要讲话令人备受鼓舞，将牢记嘱托，以更加...
"【聚焦两会】社会媒体关注王树国代表、李香菊委员两会发声
                            ",21-Mar,http://news.xjtu.edu.cn/info/1033/129923.htm,7,3月4日-5日，全国政协十三届四次会议和十三届全国人大四次会议相继在北京人民大会堂开幕，全国人大代表、西安交大校长王树国，全国政协委员、西安交大经金学院教授李香菊赴京参会。新华社、人民日报、中国教育报、陕西日报等主流媒体关注王树国代表、李香...
"卢建军调研新闻与新媒体学院
                            ",21-Mar,http://news.xjtu.edu.cn/info/1033/129920.htm,6,3月5日，西安交大党委书记卢建军调研新闻与新媒体学院，围绕学科交叉融合、人才队伍建设、学院发展规划等方面进行研讨交流。卢建军来到学校融媒体平台、新媒体智慧学习工场、传播内容认知国家重点实验室西安交通大学传播内容智能理解研究中心等，了解平台...
"学校召开校庆工作专项推进会
                            ",21-Mar,http://news.xjtu.edu.cn/info/1033/129917.htm,6,2021年4月8日是交大建校125周年暨迁校65周年，是学校建设中国特色世界一流大学进入新时期的重要时刻。根据学校党委统一部署，紧扣“新时代、新格局、新贡献”主题，3月5日上午，学校召开校庆工作专项推进会，副校长郑庆华，党委常委、宣传部部长成进，校庆...
"【金融时报】全国政协委员李香菊：建议优化我国股权激励个人所得税政策
                            ",21-Mar,http://news.xjtu.edu.cn/info/1033/129910.htm,5,“科技创新靠人才，激发人才创新活力应深化收入分配制度改革。”全国政协委员、西安交通大学教授李香菊对《金融时报》记者表示，股权激励是国际上通行的现代企业吸引留住优秀人才，将个人利益与企业发展紧密联系，形成劳动者与所有者利益共享的一种长期性...
"【身边交大人】缑永强：永远的少年
                            ",21-Mar,http://news.xjtu.edu.cn/info/1033/129908.htm,5,抗疫期间，有媒体记者拍摄到一段小视频——缑永强快速向前奔跑，转身拿着手中相机给医护人员照相，照完相再次拼命向前奔跑。有媒体记者惊呼：“这人有多爱这个单位和这份工作呀？！”是的，缑永强对新闻宣传工作的挚爱甚至超过了有些媒体的记者。爱上新闻2...
"【中国科学报】吴宏春：工程教育理应服务工业革命需求
                            ",21-Mar,http://news.xjtu.edu.cn/info/1033/129885.htm,5,3月4日是全球第二个“世界工程日”。 大学发展和工业发展构成人类社会进步的两条螺旋链。当下，如何以学生素养成为主线，为国家多培养愿意奉献、乐于钻研的高端人才，为社会多输送有利于人类和平和生活健康的人才，促进第四次工业革命的迅速发展，成为很多...
"卢建军调研电子陶瓷与器件教育部重点实验室
                            ",21-Mar,http://news.xjtu.edu.cn/info/1033/129880.htm,5, 3月3日，卢建军调研电子陶瓷与器件教育部重点实验室和国际电介质研究中心，详细了解透明铁电单晶的制备原理与技术、主要应用领域、发展前景，询问了团队科研攻关进展情况，并与师生代表深入交流。卢建军在听完徐卓、李飞团队的介绍后，对他们取得的成果表...
"【教育部网站】西安交通大学“五个提升”推进文明校园建设
                            ",21-Mar,http://news.xjtu.edu.cn/info/1033/129877.htm,5,西安交通大学认真贯彻落实习近平总书记对西安交通大学老教授来信的重要指示精神，以“绘就文明底色，传扬西迁精神”为主题，以培育和践行社会主义核心价值观为统领，将文明校园建设纳入学校重要议事日程、贯穿融入立德树人全过程，为学校事业发展和人才培...
"【文明巡礼】附中：承百载风华 建文明校园 
                            ",21-Mar,http://news.xjtu.edu.cn/info/1033/129865.htm,5,附中依托百年交大深厚的人文底蕴和浓郁的学术氛围，高度重视精神文明建设，以党的十九大精神和习近平新时代中国特色社会主义思想为指导，在新时代西迁精神的引领下，以思想道德建设为重点，积极推行素质教育，大力营造安全文明和谐的育人环境，造就一支师...
"陕西金融资产管理股份有限公司董事长冷劲松一行来校洽谈合作
                            ",21-Mar,http://news.xjtu.edu.cn/info/1033/129861.htm,5,3月4日下午，陕西金融资产管理股份有限公司董事长冷劲松、总经理孔兵一行到创新港考察调研并召开座谈会。座谈会前，西安交通大学党委书记卢建军会见冷劲松、孔兵。西安交通大学党委副书记赵昌昌出席座谈会。座谈会上，赵昌昌对陕西金融资产管理股份有限公...
"西安交大召开党委常委会会议 传达学习有关会议精神 研究学校贯彻落实意见 安排部署近期重点工作
                            ",21-Mar,http://news.xjtu.edu.cn/info/1033/129843.htm,4,3月2日下午，西安交大召开党委常委会会议，传达学习习近平总书记在全国脱贫攻坚总结表彰大会、中央党校（国家行政学院）中青年干部培训班开班式上的重要讲话精神，传达学习2月26日中共中央政治局会议精神，传达学习《关于认真学习贯彻习近平总书记在党史学...
"西安交大参加教育部第八届高等学校科学研究优秀成果奖（人文社会科学）颁奖会
                            ",21-Mar,http://news.xjtu.edu.cn/info/1033/129847.htm,4,​3月2日，教育部召开第八届高等学校科学研究优秀成果奖（人文社会科学）颁奖会，教育部党组书记、部长、部哲学社会科学工作领导小组组长陈宝生出席会议并讲话，部党组成员、副部长、部哲学社会科学工作领导小组副组长翁铁慧主持会议。西安交大在创新港设...
"【强军战歌嘹亮】我是仓库保管员：大山深处，超越平凡
                            ",21-Mar,http://news.xjtu.edu.cn/info/1033/129825.htm,3,柴源，医学部、启德书院临床81班学生。2017年9月至2019年9月服役于中国人民解放军武汉联勤保障基地桂林联勤保障中心。服役期间，多次参加各类比武竞赛并取得优秀成绩，被表彰为优秀义务兵，获嘉奖一次。​被生活逼到无路可走，绝处逢生才是涅槃初入军营的...
"【西部网】全国政协委员李香菊：我国应提早布局研究数字经济征税问题
                            ",21-Mar,http://news.xjtu.edu.cn/info/1033/129816.htm,3,“数字经济已经成为国际竞争的‘主战场’，未来肯定要引领产业变革。但我国现有税收制度都是在传统税制模式上制定的，已经不能适应数字经济发展的新要求。因此我建议国家应当紧跟国际税收发展新趋势，提早布局研究数字经济征税问题。” 全国两会前夕，住陕...
"【校友建功立业风采】黄旭华：潜心奉献终不悔
                            ",21-Mar,http://news.xjtu.edu.cn/info/1033/129811.htm,3,​黄旭华，1949年毕业于交通大学造船系。中船重工第七一九研究所名誉所长，中国工程院院士。曾先后担任我国核潜艇工程第一代副总设计师、总设计师。主持了第一代核潜艇的研制，先后突破了核潜艇最关键、最重大的七项技术，是我国核潜艇研制工程的先驱者，...
"【中国妇女报】杨雪燕：注重女性人才培养，为美丽乡村建设注入“她力量”
                            ",21-Mar,http://news.xjtu.edu.cn/info/1033/129784.htm,3,2021年2月21日，中央一号文件正式发布，勾勒出“十四五”时期乡村振兴和农业现代化发展的美丽图景。实现乡村振兴、建设美丽乡村为有志于投身现代化农业生产和农村建设的各类人才提供了施展才华、实现抱负的舞台。笔者认为，女性农业人才将在美丽乡村建设当...
"延安市市长薛占海一行率团来校洽谈深化合作
                            ",21-Mar,http://news.xjtu.edu.cn/info/1033/129779.htm,3,3月1日下午，延安市市长薛占海一行到中国西部科技创新港考察调研、洽谈深化合作并召开校地合作对接座谈会。座谈会前，西安交通大学党委书记卢建军会见薛占海。西安交通大学党委常委、副校长荣命哲出席相关活动。座谈会上，荣命哲对薛占海一行表示欢迎。他...
"西安交大参加2021年教育系统全面从严治党工作视频会议
                            ",21-Mar,http://news.xjtu.edu.cn/info/1033/129776.htm,3,​为深入学习贯彻习近平总书记在十九届中央纪委五次全会上的重要讲话和五次全会精神，3月1日，教育部召开2021年教育系统全面从严治党工作视频会，回顾总结过去一年教育系统全面从严治党工作，部署安排今年重点任务。教育部党组书记、部长陈宝生出席会议并...
"西安交通大学新增20个国家级一流本科专业建设点
                            ",21-Mar,http://news.xjtu.edu.cn/info/1033/129773.htm,3,日前，教育部发布了《教育部办公厅关于公布2020年国家级和省级一流本科专业建设点名单的通知》（教高厅函〔2021〕7号），西安交大20个专业获批2020年度国家级一流本科专业建设点。至此，西安交大已有40个专业获批国家级一流本科专业建设点。学校高度重视本...
"安康市市长赵俊民一行率团来校洽谈深化合作
                            ",21-Mar,http://news.xjtu.edu.cn/info/1033/129770.htm,3,3月1日上午，安康市市长赵俊民一行到中国西部科技创新港考察调研、洽谈深化合作并召开校地合作对接座谈会。座谈会前，西安交通大学党委书记卢建军会见赵俊民。西安交通大学党委常委、副校长荣命哲，安康市副市长寇全安，沣西新城党委书记、管委会主任刘宇...
"天冷心暖！交大学子返校日里的美丽景色
                            ",21-Mar,http://news.xjtu.edu.cn/info/1033/129765.htm,2,静悄悄地，校园的花都开了，迎接好久不见的返校学子。报到的日子里气温骤降，阴雨绵绵，但返校的学生都说暖人心的不仅有校园里藏着的春色，还有各部门为学生返校和常态化疫情防控做的充分准备。学校的关心和返校学子对新学期的期待，是校园里一道道美丽的...
"【光明日报】燕连福 王亚丽：脱贫攻坚精神是伟大民族精神和时代精神的赓续传承
                            ",21-Mar,http://news.xjtu.edu.cn/info/1033/129739.htm,2,消除贫困、改善民生、逐步实现共同富裕，是社会主义的本质要求，是中国共产党的重要使命。经过全党全国各族人民共同努力，在迎来中国共产党成立一百周年的重要时刻，我国脱贫攻坚战取得了全面胜利，创造了又一个彪炳史册的人间奇迹。中国的脱贫攻坚，不仅...
"省教育厅厅长刘建林一行来校督查新学期疫情防控工作
                            ",21-Mar,http://news.xjtu.edu.cn/info/1033/129752.htm,2,​3月1日下午，省教育厅厅长刘建林、省教育厅宣传部部长梅争利、省教育厅办公室副主任于小亮等一行，来校调研习近平总书记来校考察重要讲话重要指示落实情况，检查春季开学准备工作及校园疫情防控情况，副校长郑庆华，党委常委、宣传部部长成进，校长助理...
"西安交大研究团队在原位透射电镜摩擦技术的研发及应用上取得突破
                            ",21-Mar,http://news.xjtu.edu.cn/info/1033/129745.htm,2,利用透射电镜中的高强度磁场，西安交大材料学院单智伟研究团队发明了由洛伦兹力驱动的原位透射电镜摩擦技术并探究了亚微米尺度接触最大摩擦力的物理机理。透射电镜中的磁场强度高达2 T（为地表磁场的上万倍），通常被认为不利于材料的表征，尤其是磁性材料...
"【文明巡礼】档案馆、博物馆：传承西迁精神 涵养育人文化
                            ",21-Mar,http://news.xjtu.edu.cn/info/1033/129748.htm,2,2020年4月22日，习近平总书记来到西安交通大学，走进交大西迁博物馆，亲切会见14位西迁老教授，并指出：西迁精神的核心是爱国主义，精髓是听党指挥跟党走，与党和国家、与民族和人民同呼吸、共命运，具有深刻现实意义和历史意义。档案馆、博物馆始终牢记习...
"【强军战歌嘹亮】我在西南边陲：听党指挥戍边关，守卫祖国新藏线
                            ",21-Mar,http://news.xjtu.edu.cn/info/1033/129736.htm,2,杨雪念，原彭康书院、现仲英书院、电信学部计算机82班学生。2017年9月至2019年9月服役于武警某部交通第三支队。服役期间，扎根祖国西南边陲，战斗在新藏公路战略要道养护保通一线，应对泥石流、雪崩、塌方等各类自然灾害，为过往人员保驾护航，荣获嘉奖2次...
"交大校友热议创新港科创基地项目荣获鲁班奖
                            ",21-Mar,http://news.xjtu.edu.cn/info/1033/129733.htm,1,2月23日，中国建筑业协会发布2020～2021年度第一批中国建设工程鲁班奖（国家优质工程）入选名单，由西咸新区交大科技创新港发展有限公司建设，陕西建工集团股份有限公司承建的西安交通大学科技创新港科创基地项目荣获“2020～2021年度第一批中国建设工程鲁...
"新学期 新期待 为努力的你点赞！
                    
                            ",21-Mar,http://news.xjtu.edu.cn/info/1033/129730.htm,1,3月1日开学第一天，交大学子们回到了熟悉校园，开启了丰富多彩的校园生活。课堂上，认真听讲，在新学期里有了新规划；图书馆里，同学们徜徉在知识的海洋，对新旅途里有了新目标；学校餐厅里，同学们更是吃上了心心念念的饭菜。学子们畅想着未来，讨论着梦...
"卢建军调研物理学院
                            ",21-Mar,http://news.xjtu.edu.cn/info/1033/129727.htm,1, 2月27日，校党委书记卢建军到物理学院调研，围绕基础学科建设、学科交叉、科研成果转化等工作中存在的问题，与学院领导班子和骨干教师研讨交流。在详细了解学院发展情况后，卢建军对物理学院近年来的发展成绩给予充分肯定。他表示，交通大学物理学底蕴深...
"【三秦都市报】西安交大联合研究成果在《自然》发表
                            ",21-Mar,http://news.xjtu.edu.cn/info/1033/129720.htm,1,近日，西安交通大学生命科学与技术学院张虎勤教授带领的生物信息人类学团队，与厦门大学王传超教授及哈佛医学院David Reich教授展开深度合作，联合全球43家单位，85名共同作者于2月22日在《自然》（Nature）期刊在线发表文章《基因组学解析东亚人群形成历...
"西安交大全力保障新学期教学秩序
                            ",21-Mar,http://news.xjtu.edu.cn/info/1033/129717.htm,1,2021年2月的最后两天恰值周末，是西安交大学生新学期报到注册的日子。根据国家统一部署和教育厅有关要求，学校认真研究制定了开学方案，在统筹做好疫情防控工作的基础上，组织学生有序返校，实现正常、安全、错峰开学。保证正常教育教学，是全面恢复正常教...
"卢建军调研指导仲英书院党建工作
                            ",21-Mar,http://news.xjtu.edu.cn/info/1033/129706.htm,1,​2月28日下午，校党委书记卢建军调研仲英书院，参观了仲英文化长廊、学业辅导中心、党员之家、院史馆、品阁咖啡厅等场所，并就辅导员队伍建设、学生心理辅导等与书院师生交流讨论。他强调，要重视学校基层党组织的建设，不断提升党组织的创造力、凝聚力和...
"【科技日报】西安交大研究成果入选2020年度中国科学十大进展 破解国际难题
                            ",21-Mar,http://news.xjtu.edu.cn/info/1033/129696.htm,1,2月27日，科学技术部高技术研究发展中心（基础研究管理中心）发布了2020年度中国科学十大进展。我国科学家积极应对新冠肺炎疫情取得突出进展等10项重大科学进展入选。2020年度中国科学十大进展终选采取网上投票方式，邀请中国科学院院士、中国工程院院士、...
"【西安日报】陈晨：从学习党史中感悟初心使命
                            ",21-Mar,http://news.xjtu.edu.cn/info/1033/129693.htm,1,习近平总书记指出，历史是最好的教科书。对中国共产党人来说，中国革命历史是最好的营养剂。历史是一面镜子，它能真实映照共产党人的初心和使命。回望过往的奋斗路，眺望前方的奋进路，在全党集中开展党史学习教育，正当其时，十分必要。我们必须把党的历...
"齐上阵 总动员 为学子安全返校护航
                            ",21-Mar,http://news.xjtu.edu.cn/info/1033/129690.htm,1,春到人间草木知，西安交大校园内杨柳依依、梅花浅笑，迎接着2021年春季学期返校的学子们。根据教育部、陕西省及西安市疫情防控要求，学校按照“分期分批、有序返校”的原则，安排国（境）内学生2月27日—28日返校注册。学校各部门齐上阵，安全隐患想在前，...
"交大教师热议创新港科创基地项目荣获鲁班奖
                            ",21-Feb,http://news.xjtu.edu.cn/info/1033/129680.htm,28,2月23日，中国建筑业协会发布2020～2021年度第一批中国建设工程鲁班奖（国家优质工程）入选名单，由西咸新区交大科技创新港发展有限公司建设，陕西建工集团股份有限公司承建的西安交通大学科技创新港科创基地项目荣获“2020～2021年度第一批中国建设工程鲁...
"严鉴铂率法士特集团、秦川集团高层来校调研
                            ",21-Feb,http://news.xjtu.edu.cn/info/1033/129667.htm,28,2月26日上午，法士特集团党委书记、董事长，秦川集团党委书记、董事长严鉴铂带队来校调研并座谈，校党委书记卢建军会见严鉴铂一行。法士特集团党委副书记、总经理马旭耀，秦川集团党委副书记、总裁李强等集团主要负责人，西安交大党委副书记赵昌昌，副校长...
"【文明巡礼】西安交通大学：绘就文明底色 传扬西迁精神
                            ",21-Feb,http://news.xjtu.edu.cn/info/1033/129663.htm,28,​2020年11月20日召开的全国精神文明建设表彰大会上，西安交通大学荣获“全国文明校园”荣誉称号。如今在西安交大校园里，“绘就文明底色，传扬西迁精神”已经成为广大师生拼搏奋发、立志报国及校园文明建设的主题。在交大西迁博物馆里，厚厚的留言簿上留...
